{
  "track_id": 10141,
  "clip_start_frame": 1516,
  "fps": 23.979961035346506,
  "original_width": 1080,
  "original_height": 1920,
  "bboxes": [
    {
      "frame_original": 1517,
      "frame_clip": 1,
      "x": 862,
      "y": 1505,
      "w": 159,
      "h": 159,
      "x_norm": 0.798148,
      "y_norm": 0.783854,
      "w_norm": 0.147222,
      "h_norm": 0.082812
    },
    {
      "frame_original": 1550,
      "frame_clip": 34,
      "x": 867,
      "y": 1518,
      "w": 159,
      "h": 159,
      "x_norm": 0.802778,
      "y_norm": 0.790625,
      "w_norm": 0.147222,
      "h_norm": 0.082812
    },
    {
      "frame_original": 1563,
      "frame_clip": 47,
      "x": 872,
      "y": 1485,
      "w": 159,
      "h": 159,
      "x_norm": 0.807407,
      "y_norm": 0.773438,
      "w_norm": 0.147222,
      "h_norm": 0.082812
    }
  ]
}